timestamp,open,high,low,close,volume
2025-10-09 03:00:00,121607.5,122121.6,121594.2,122039.8,353.355264
2025-10-09 04:00:00,122039.8,122263.5,121893.9,122141.4,229.795246
2025-10-09 05:00:00,122141.4,122200.0,121823.6,122112.5,208.406141
2025-10-09 06:00:00,122112.5,122188.5,121881.6,121956.3,188.61934
2025-10-09 07:00:00,121956.3,122064.0,121715.3,121895.1,275.112338
2025-10-09 08:00:00,121895.1,121957.7,121139.0,121250.3,590.158703
2025-10-09 09:00:00,121250.3,121839.7,121250.3,121804.9,336.806102
2025-10-09 10:00:00,121804.9,122328.7,121638.4,122161.7,298.43093
2025-10-09 11:00:00,122161.7,122824.5,122160.4,122725.9,294.41444
2025-10-09 12:00:00,122725.9,123762.3,122695.8,123551.2,632.486738
2025-10-09 13:00:00,123551.2,123648.7,122282.2,122409.7,808.216931
2025-10-09 14:00:00,122409.7,122609.3,120760.6,121315.4,1247.367146
2025-10-09 15:00:00,121315.4,121739.9,120683.8,121148.2,587.450976
2025-10-09 16:00:00,121148.2,121488.6,119700.5,119821.1,920.091061
2025-10-09 17:00:00,119821.1,121036.8,119641.7,120976.7,784.58453
2025-10-09 18:00:00,120976.7,121100.0,120371.6,120654.5,395.122388
2025-10-09 19:00:00,120654.5,121109.3,120654.5,120958.9,214.567243
2025-10-09 20:00:00,120958.9,121199.9,120846.6,121108.5,182.058847
2025-10-09 21:00:00,121108.5,121515.2,121064.7,121477.0,150.005554
2025-10-09 22:00:00,121477.0,121778.9,121407.2,121697.5,123.072149
2025-10-09 23:00:00,121697.5,121737.2,121357.3,121653.6,190.673501
2025-10-10 00:00:00,121653.6,121863.1,121600.0,121752.2,171.301503
2025-10-10 01:00:00,121752.2,121887.3,121496.4,121645.8,226.435465
2025-10-10 02:00:00,121645.8,121668.7,120920.7,121068.5,435.221053
2025-10-10 03:00:00,121068.5,121582.9,120919.4,121040.0,380.980487
2025-10-10 04:00:00,121040.0,121407.3,121036.8,121249.7,295.827334
2025-10-10 05:00:00,121249.7,121615.9,121000.0,121597.9,287.721669
2025-10-10 06:00:00,121597.9,121775.0,121265.2,121383.2,320.895667
2025-10-10 07:00:00,121383.2,121389.6,120875.0,120948.6,368.117135
2025-10-10 08:00:00,120948.6,121657.5,120924.7,121623.1,259.939191
2025-10-10 09:00:00,121623.1,121782.6,121272.9,121311.0,237.361593
2025-10-10 10:00:00,121311.0,121540.6,121225.1,121494.6,190.654954
2025-10-10 11:00:00,121494.6,121655.0,121397.0,121552.3,202.7581
2025-10-10 12:00:00,121552.3,121687.6,121423.6,121597.8,184.73446
2025-10-10 13:00:00,121597.8,122537.6,121370.4,121666.2,788.596481
2025-10-10 14:00:00,121666.2,122067.8,120467.2,120482.0,869.770845
2025-10-10 15:00:00,120482.0,120625.0,118451.4,119015.9,2577.674692
2025-10-10 16:00:00,119015.9,119449.5,118201.1,118201.1,1024.276203
2025-10-10 17:00:00,118201.1,118426.3,117570.4,117627.3,1451.379308
2025-10-10 18:00:00,117627.3,117857.1,117220.0,117220.0,1094.803045
2025-10-10 19:00:00,117220.0,117336.4,115934.7,116654.4,1391.984629
2025-10-10 20:00:00,116654.4,117235.7,112809.2,114283.8,2950.83055
2025-10-10 21:00:00,114283.8,115125.0,102329.5,113233.2,7196.33023
2025-10-10 22:00:00,113233.2,113991.9,111076.0,113523.3,3148.630393
2025-10-10 23:00:00,113523.3,114794.8,112645.8,112738.6,2109.664005
2025-10-11 00:00:00,112738.6,113169.3,111562.3,112505.8,1502.038371
2025-10-11 01:00:00,112505.8,112521.1,110922.4,111016.8,1764.273798
2025-10-11 02:00:00,111016.8,113265.6,110964.4,113192.1,3202.366441
2025-10-11 03:00:00,113192.1,113309.9,111358.9,112046.1,2370.452702
2025-10-11 04:00:00,112046.1,112943.6,111600.8,112923.1,666.107799
2025-10-11 05:00:00,112923.1,112923.1,111964.7,112343.3,617.942331
2025-10-11 06:00:00,112343.3,112748.0,111968.4,112022.3,453.456899
2025-10-11 07:00:00,112022.3,112083.8,110093.9,110406.1,1089.475123
2025-10-11 08:00:00,110406.1,111537.7,110154.4,111324.7,581.001779
2025-10-11 09:00:00,111324.7,111891.6,111264.4,111633.1,521.40955
2025-10-11 10:00:00,111633.1,112260.1,111614.7,112123.0,313.303274
2025-10-11 11:00:00,112123.0,112367.4,111694.7,112285.9,244.404444
2025-10-11 12:00:00,112285.9,112489.7,112038.5,112363.8,529.683383
2025-10-11 13:00:00,112363.8,112510.6,111862.5,112267.6,284.398302
2025-10-11 14:00:00,112267.6,112347.4,111836.2,111928.5,493.551942
2025-10-11 15:00:00,111928.5,112346.7,111778.0,111778.1,561.829367
2025-10-11 16:00:00,111778.1,112080.8,111424.0,111841.6,390.760133
2025-10-11 17:00:00,111841.6,112185.9,111702.9,111993.6,255.389952
2025-10-11 18:00:00,111993.6,112030.8,111832.6,111951.4,147.653192
2025-10-11 19:00:00,111951.4,112019.5,110850.9,111179.3,685.33501
2025-10-11 20:00:00,111179.3,111362.0,109670.8,110248.7,880.067768
2025-10-11 21:00:00,110248.7,110995.2,109553.0,110890.2,496.964769
2025-10-11 22:00:00,110890.2,111286.6,110628.0,111030.1,345.697708
2025-10-11 23:00:00,111030.1,111112.1,110626.1,110630.7,319.153181
2025-10-12 00:00:00,110630.7,110659.5,109557.0,109645.2,797.960062
2025-10-12 01:00:00,109645.2,110311.4,109623.5,109961.7,755.94041
2025-10-12 02:00:00,109961.7,110700.8,109552.1,110107.1,742.350667
2025-10-12 03:00:00,110107.1,111357.1,109987.1,110678.6,826.526505
2025-10-12 04:00:00,110678.6,111937.4,110603.2,111517.1,543.7592
2025-10-12 05:00:00,111517.1,111815.3,111171.4,111701.0,364.68695
2025-10-12 06:00:00,111701.0,112128.3,111610.4,111670.7,419.287738
2025-10-12 07:00:00,111670.7,111928.8,111489.3,111525.7,629.500593
2025-10-12 08:00:00,111525.7,111803.1,111291.1,111300.6,323.22267
2025-10-12 09:00:00,111300.6,111904.8,111137.5,111813.9,374.865596
2025-10-12 10:00:00,111813.9,112012.4,111432.3,111639.3,265.086793
2025-10-12 11:00:00,111639.3,112122.1,111456.8,111840.3,297.200927
2025-10-12 12:00:00,111840.3,112271.3,111542.4,111776.1,388.537587
2025-10-12 13:00:00,111776.1,111934.8,111246.6,111298.0,349.855949
2025-10-12 14:00:00,111298.0,113022.2,111173.1,112366.8,1184.60742
2025-10-12 15:00:00,112366.8,113774.9,112104.0,113216.8,1409.515128
2025-10-12 16:00:00,113216.8,114733.1,113216.7,114092.1,1213.247963
2025-10-12 17:00:00,114092.1,114487.5,113515.9,113829.3,765.715681
2025-10-12 18:00:00,113829.3,114263.0,113560.4,113879.9,293.065187
2025-10-12 19:00:00,113879.9,114400.0,113821.0,114348.5,241.839328
2025-10-12 20:00:00,114348.5,115465.8,114348.5,114929.1,597.666064
2025-10-12 21:00:00,114929.1,115632.0,114253.8,114895.5,484.152567
2025-10-12 22:00:00,114895.5,115783.9,114895.5,115229.7,523.332008
2025-10-12 23:00:00,115229.7,115364.1,114737.9,114973.9,459.272575
2025-10-13 00:00:00,114973.9,115912.8,114810.7,115287.5,719.05008
2025-10-13 01:00:00,115287.5,115766.2,115090.0,115722.1,471.325701
2025-10-13 02:00:00,115722.1,115975.2,115012.3,115332.3,327.69226
2025-10-13 03:00:00,115332.3,115633.7,114633.0,114840.0,354.372201
2025-10-13 04:00:00,114840.0,115022.0,114429.4,114714.3,716.55365
2025-10-13 05:00:00,114714.3,114852.4,114519.3,114625.7,268.660178
2025-10-13 06:00:00,114625.7,115375.9,114424.3,115219.7,377.46653
2025-10-13 07:00:00,115219.7,115554.7,115024.6,115391.7,445.810389
2025-10-13 08:00:00,115391.7,115439.6,115129.2,115263.1,282.993645
2025-10-13 09:00:00,115263.1,115263.1,114757.0,115129.3,218.297732
2025-10-13 10:00:00,115129.3,115164.0,114734.2,114813.8,205.922418
2025-10-13 11:00:00,114813.8,114813.8,113607.3,114179.0,639.422813
2025-10-13 12:00:00,114179.0,114756.1,113918.1,114416.2,356.759298
2025-10-13 13:00:00,114416.2,115547.5,114210.7,115356.5,779.813865
2025-10-13 14:00:00,115356.5,115476.4,113794.2,114031.5,640.906143
2025-10-13 15:00:00,114031.5,114729.9,113975.4,114317.7,450.62345
2025-10-13 16:00:00,114317.7,115200.0,114261.2,114657.3,561.048796
2025-10-13 17:00:00,114657.3,115065.8,114219.2,115042.8,438.412668
2025-10-13 18:00:00,115042.8,115380.8,114719.9,115162.8,452.816552
2025-10-13 19:00:00,115162.8,115888.8,115066.1,115799.6,575.930656
2025-10-13 20:00:00,115799.6,115884.0,115382.9,115717.7,287.539934
2025-10-13 21:00:00,115717.7,115791.9,115543.3,115711.0,127.899319
2025-10-13 22:00:00,115711.0,115832.0,115449.3,115517.8,213.753991
2025-10-13 23:00:00,115517.8,115517.8,115009.3,115168.8,340.599081
2025-10-14 00:00:00,115168.8,115417.4,114866.7,114968.9,361.81258
2025-10-14 01:00:00,114968.9,115000.0,114133.7,114269.5,424.68058
2025-10-14 02:00:00,114269.5,114300.6,113625.0,113625.1,549.730048
2025-10-14 03:00:00,113625.1,113682.6,113268.6,113482.5,725.474282
2025-10-14 04:00:00,113482.5,113576.6,112768.0,113055.3,881.521121
2025-10-14 05:00:00,113055.3,113682.1,112355.3,112482.0,968.098076
2025-10-14 06:00:00,112482.0,112698.5,111340.8,111978.0,907.215535
2025-10-14 07:00:00,111978.0,112178.8,111460.4,111712.7,930.356484
2025-10-14 08:00:00,111712.7,112140.2,111506.5,111795.1,536.773097
2025-10-14 09:00:00,111795.1,111996.3,111050.0,111283.0,562.088609
2025-10-14 10:00:00,111283.0,111331.4,110034.2,110623.0,958.649485
2025-10-14 11:00:00,110623.0,111635.4,110600.0,111306.3,647.742435
2025-10-14 12:00:00,111306.3,111357.0,110730.4,110796.1,496.470814
2025-10-14 13:00:00,110796.1,111351.1,109842.1,111013.1,1059.297736
2025-10-14 14:00:00,111013.1,112201.4,110913.6,111427.1,787.796028
2025-10-14 15:00:00,111427.1,112918.0,111042.2,112900.5,741.319851
2025-10-14 16:00:00,112900.5,113222.3,112211.0,112348.9,822.376643
2025-10-14 17:00:00,112348.9,112961.0,111713.1,112787.2,845.445481
2025-10-14 18:00:00,112787.2,113485.2,112652.1,112845.2,582.224326
2025-10-14 19:00:00,112845.2,113547.7,112014.1,112603.7,772.046062
2025-10-14 20:00:00,112603.7,112997.8,112223.1,112993.0,320.110702
2025-10-14 21:00:00,112993.0,113195.6,112689.8,113117.6,212.52795
2025-10-14 22:00:00,113117.6,113577.1,112824.8,113206.1,279.752006
2025-10-14 23:00:00,113206.1,113514.3,113015.8,113038.4,250.016793
2025-10-15 00:00:00,113038.4,113117.4,112576.5,112986.6,404.721394
2025-10-15 01:00:00,112986.6,113011.8,112281.3,112729.2,424.297748
2025-10-15 02:00:00,112729.2,113620.0,112659.6,112813.7,480.38399
2025-10-15 03:00:00,112813.7,112870.6,111809.6,112023.9,460.330652
2025-10-15 04:00:00,112023.9,112470.3,111718.3,112341.5,423.200516
2025-10-15 05:00:00,112341.5,112660.9,112170.3,112425.3,350.637859
2025-10-15 06:00:00,112425.3,112581.3,111888.9,112450.0,396.335783
2025-10-15 07:00:00,112450.0,112685.7,112227.0,112580.8,362.769847
2025-10-15 08:00:00,112580.8,113534.5,112537.6,112951.9,635.888147
2025-10-15 09:00:00,112951.9,113128.9,112381.4,112558.7,409.637805
2025-10-15 10:00:00,112558.7,112650.4,112094.0,112270.0,446.214001
2025-10-15 11:00:00,112270.0,112610.4,111655.5,111896.8,684.92477
2025-10-15 12:00:00,111896.8,112091.2,111354.8,111706.6,730.107797
2025-10-15 13:00:00,111706.6,111998.9,110698.0,111383.7,782.119001
2025-10-15 14:00:00,111383.7,112235.5,110791.0,111050.6,725.650934
2025-10-15 15:00:00,111050.6,111576.5,110371.5,110783.5,715.275264
2025-10-15 16:00:00,110783.5,111117.4,110590.8,110736.7,418.756766
2025-10-15 17:00:00,110736.7,111183.3,110148.0,111183.0,517.634769
2025-10-15 18:00:00,111183.0,111489.0,110806.9,111427.1,263.12666
2025-10-15 19:00:00,111427.1,111562.0,111068.8,111270.6,393.88997
2025-10-15 20:00:00,111270.6,111558.4,110517.0,111103.4,375.413677
2025-10-15 21:00:00,111103.4,111420.0,110482.0,110846.8,361.311821
2025-10-15 22:00:00,110846.8,111387.3,110654.9,110656.4,242.586297
2025-10-15 23:00:00,110656.4,111006.5,110575.7,110745.1,245.870429
2025-10-16 00:00:00,110745.1,110846.5,110346.5,110429.7,433.387145
2025-10-16 01:00:00,110429.7,111333.1,110418.6,111297.6,365.634018
2025-10-16 02:00:00,111297.6,111549.5,111009.0,111502.8,382.019974
2025-10-16 03:00:00,111502.8,111859.0,111259.8,111325.1,301.956046
2025-10-16 04:00:00,111325.1,111664.4,110807.3,110967.4,317.374489
2025-10-16 05:00:00,110967.4,111461.2,110710.9,110946.9,390.627199
2025-10-16 06:00:00,110946.9,111719.5,110916.4,111668.6,340.861712
2025-10-16 07:00:00,111668.6,111773.6,110543.8,110561.1,631.120004
2025-10-16 08:00:00,110561.1,110908.2,110390.1,110815.4,391.718093
2025-10-16 09:00:00,110815.4,111679.3,109621.0,111158.4,1028.073359
2025-10-16 10:00:00,111158.4,111728.7,111027.1,111472.4,374.722185
2025-10-16 11:00:00,111472.4,111572.1,111008.5,111407.6,317.811162
2025-10-16 12:00:00,111407.6,111988.6,111318.1,111519.2,462.042114
2025-10-16 13:00:00,111519.2,111557.1,110678.2,110854.6,423.535537
2025-10-16 14:00:00,110854.6,111427.0,109713.4,110522.4,1172.803389
2025-10-16 15:00:00,110522.4,110726.9,108340.3,108547.5,1509.262727
2025-10-16 16:00:00,108547.5,109256.4,107552.1,109233.8,1747.574168
2025-10-16 17:00:00,109233.8,109250.9,108201.8,108274.5,997.460735
2025-10-16 18:00:00,108274.5,108654.4,107603.3,108646.5,1220.714183
2025-10-16 19:00:00,108646.5,108748.8,107682.3,108192.4,768.382979
2025-10-16 20:00:00,108192.4,108426.7,107421.3,107842.5,477.530343
2025-10-16 21:00:00,107842.5,108464.0,107579.9,108433.8,332.245244
2025-10-16 22:00:00,108433.8,108508.4,107765.1,107793.1,232.167536
2025-10-16 23:00:00,107793.1,108423.9,107724.2,108182.3,260.284668
2025-10-17 00:00:00,108182.3,108840.4,107920.3,108805.9,397.882722
2025-10-17 01:00:00,108805.9,109110.4,108500.9,108833.0,377.922131
2025-10-17 02:00:00,108833.0,109072.7,108387.7,108970.8,379.507016
2025-10-17 03:00:00,108970.8,109233.9,108886.7,109178.1,266.863853
2025-10-17 04:00:00,109178.1,109237.5,108778.0,108786.7,251.850917
2025-10-17 05:00:00,108786.7,108921.4,108303.9,108375.3,364.229819
2025-10-17 06:00:00,108375.3,108510.9,106622.2,106734.9,1534.691892
2025-10-17 07:00:00,106734.9,106906.2,105516.8,105611.5,1548.565263
2025-10-17 08:00:00,105611.5,105705.4,104492.4,104872.0,1523.460313
2025-10-17 09:00:00,104872.0,105621.1,104525.6,104529.1,685.040584
2025-10-17 10:00:00,104529.1,104917.5,103528.9,104752.6,1024.111158
2025-10-17 11:00:00,104752.6,106625.0,104674.8,105679.3,1169.008709
2025-10-17 12:00:00,105679.3,106077.0,105229.4,105351.1,608.886527
2025-10-17 13:00:00,105351.1,106173.9,104886.4,105835.8,839.000257
2025-10-17 14:00:00,105835.8,106005.0,104518.1,105161.3,984.142468
2025-10-17 15:00:00,105161.3,106843.9,105084.7,106787.7,739.084245
2025-10-17 16:00:00,106787.7,107577.0,106238.3,106373.5,1674.511693
2025-10-17 17:00:00,106373.5,106718.8,106071.0,106441.3,546.634884
2025-10-17 18:00:00,106441.3,107097.5,106436.0,106638.7,408.871848
2025-10-17 19:00:00,106638.7,106893.9,106222.1,106459.1,372.441129
2025-10-17 20:00:00,106459.1,107178.4,106350.3,107021.5,235.881801
2025-10-17 21:00:00,107021.5,107445.7,107008.8,107295.6,183.128468
2025-10-17 22:00:00,107295.6,107423.9,106811.5,106980.7,144.747364
2025-10-17 23:00:00,106980.7,106984.5,106377.6,106422.4,124.990043
2025-10-18 00:00:00,106422.4,106840.3,106308.6,106836.6,252.793481
2025-10-18 01:00:00,106836.6,107299.8,106805.7,107152.9,221.142513
2025-10-18 02:00:00,107152.9,107301.2,106500.0,106587.7,246.484017
2025-10-18 03:00:00,106587.7,107128.1,106573.1,107079.0,193.941174
2025-10-18 04:00:00,107079.0,107090.7,106444.1,106474.1,224.920667
2025-10-18 05:00:00,106474.1,106851.9,106474.1,106813.0,155.798794
2025-10-18 06:00:00,106813.0,106957.7,106717.8,106854.2,144.260928
2025-10-18 07:00:00,106854.2,107499.9,106630.0,106693.3,521.741059
2025-10-18 08:00:00,106693.3,106981.1,106615.0,106721.6,240.395337
2025-10-18 09:00:00,106721.6,106948.3,106620.5,106890.5,155.220434
2025-10-18 10:00:00,106890.5,107150.0,106785.1,106924.1,121.334209
2025-10-18 11:00:00,106924.1,107235.2,106777.3,107213.1,142.909929
2025-10-18 12:00:00,107213.1,107313.2,106974.5,107065.9,130.028296
2025-10-18 13:00:00,107065.9,107107.0,106809.2,106894.0,176.291554
2025-10-18 14:00:00,106894.0,107120.6,106731.0,107047.8,228.169895
2025-10-18 15:00:00,107047.8,107191.8,106825.0,106944.5,189.913514
2025-10-18 16:00:00,106944.5,107066.5,106472.5,106659.3,199.086295
2025-10-18 17:00:00,106659.3,106955.1,106564.0,106878.0,133.605032
2025-10-18 18:00:00,106878.0,106925.1,106718.5,106847.3,101.001565
2025-10-18 19:00:00,106847.3,107098.0,106762.5,107071.4,101.485953
2025-10-18 20:00:00,107071.4,107346.3,106992.0,107007.3,163.597767
2025-10-18 21:00:00,107007.3,107228.6,106840.4,107167.3,107.445657
2025-10-18 22:00:00,107167.3,107285.8,107063.4,107118.3,78.114454
2025-10-18 23:00:00,107118.3,107198.1,107007.4,107171.9,65.099612
2025-10-19 00:00:00,107171.9,107267.1,106749.1,106890.7,272.819186
2025-10-19 01:00:00,106890.7,106994.2,106732.9,106972.8,99.138524
2025-10-19 02:00:00,106972.8,107005.2,106809.7,106853.2,99.657501
2025-10-19 03:00:00,106853.2,107365.7,106804.6,107274.2,168.441415
2025-10-19 04:00:00,107274.2,107292.6,106960.8,107047.5,128.974846
2025-10-19 05:00:00,107047.5,107190.0,106809.3,106891.8,151.151486
2025-10-19 06:00:00,106891.8,106921.4,106552.6,106769.5,181.741454
2025-10-19 07:00:00,106769.5,106918.7,106707.8,106793.4,133.890723
2025-10-19 08:00:00,106793.4,107225.1,106271.2,106449.1,419.897367
2025-10-19 09:00:00,106449.1,108196.9,106110.3,107403.0,892.05529
2025-10-19 10:00:00,107403.0,107886.2,106992.1,107884.9,414.562666
2025-10-19 11:00:00,107884.9,108256.3,107630.1,107783.0,502.769287
2025-10-19 12:00:00,107783.0,107861.0,107449.2,107684.2,217.229131
2025-10-19 13:00:00,107684.2,108238.2,107372.7,108099.1,526.887074
2025-10-19 14:00:00,108099.1,108522.9,107878.9,108421.2,495.864867
2025-10-19 15:00:00,108421.2,108629.8,108334.6,108490.4,240.638391
2025-10-19 16:00:00,108490.4,108965.0,108242.2,108631.4,278.367484
2025-10-19 17:00:00,108631.4,109449.8,108622.7,109116.5,387.253134
2025-10-19 18:00:00,109116.5,109449.1,109036.0,109384.3,165.779485
2025-10-19 19:00:00,109384.3,109384.4,108795.7,108908.1,183.617133
2025-10-19 20:00:00,108908.1,108987.2,108804.5,108847.3,121.879034
2025-10-19 21:00:00,108847.3,108872.4,108607.0,108744.6,141.323539
2025-10-19 22:00:00,108744.6,109382.1,108744.6,109146.6,203.186418
2025-10-19 23:00:00,109146.6,109146.6,108467.3,108653.0,177.364588
2025-10-20 00:00:00,108653.0,108653.0,107420.8,108059.2,552.08405
2025-10-20 01:00:00,108059.2,108296.9,107892.5,108055.2,319.740486
2025-10-20 02:00:00,108055.2,108972.3,107853.6,108763.5,418.890477
2025-10-20 03:00:00,108763.5,110431.0,108565.2,110136.4,654.476599
2025-10-20 04:00:00,110136.4,110538.4,109939.7,110429.2,533.584999
2025-10-20 05:00:00,110429.2,111121.2,110294.5,111031.5,442.312203
2025-10-20 06:00:00,111031.5,111373.0,111000.1,111301.0,499.349577
2025-10-20 07:00:00,111301.0,111412.3,111061.0,111184.1,466.413552
2025-10-20 08:00:00,111184.1,111665.8,110956.3,111104.8,495.183097
2025-10-20 09:00:00,111104.8,111206.4,110706.5,110984.4,541.033449
2025-10-20 10:00:00,110984.4,111122.0,110671.6,110754.5,332.014311
2025-10-20 11:00:00,110754.5,111040.2,110633.1,111022.3,347.40342
2025-10-20 12:00:00,111022.3,111220.8,110787.4,110857.2,323.508496
2025-10-20 13:00:00,110857.2,111242.0,110599.5,111177.8,558.352174
2025-10-20 14:00:00,111177.8,111416.0,110748.5,111230.2,433.550374
2025-10-20 15:00:00,111230.2,111733.4,111012.8,111151.6,465.523187
2025-10-20 16:00:00,111151.6,111321.1,110111.1,110684.7,801.305425
2025-10-20 17:00:00,110684.7,111085.7,109856.3,110300.5,482.985037
2025-10-20 18:00:00,110300.5,110969.4,110203.4,110931.2,246.198925
2025-10-20 19:00:00,110931.2,111068.9,110519.4,110810.3,364.328897
2025-10-20 20:00:00,110810.3,111279.5,110654.2,111098.1,215.17591
2025-10-20 21:00:00,111098.1,111249.1,110462.7,110568.3,148.207371
2025-10-20 22:00:00,110568.3,110874.3,110417.5,110793.5,119.220327
2025-10-20 23:00:00,110793.5,110831.8,110529.6,110542.4,169.803041
2025-10-21 00:00:00,110542.4,110548.5,110183.8,110462.8,585.986282
2025-10-21 01:00:00,110462.8,110510.8,109500.0,109857.0,334.255764
2025-10-21 02:00:00,109857.0,109920.0,109310.2,109520.4,478.163001
2025-10-21 03:00:00,109520.4,109621.6,109062.4,109062.4,331.92825
2025-10-21 04:00:00,109062.4,109062.4,107639.2,107786.4,1151.509593
2025-10-21 05:00:00,107786.4,107980.4,107467.6,107544.5,662.172816
2025-10-21 06:00:00,107544.5,108213.2,107500.0,107897.4,440.616168
2025-10-21 07:00:00,107897.4,108196.4,107643.7,108072.1,535.581307
2025-10-21 08:00:00,108072.1,108101.6,107475.4,107696.7,318.926509
2025-10-21 09:00:00,107696.7,107868.8,107542.1,107751.4,227.373812
2025-10-21 10:00:00,107751.4,108817.6,107562.9,108502.1,536.210631
2025-10-21 11:00:00,108502.1,108647.0,108163.6,108585.2,331.916989
2025-10-21 12:00:00,108585.2,109472.8,108478.6,108791.6,595.928159
2025-10-21 13:00:00,108791.6,108911.2,107903.5,108425.0,616.492383
2025-10-21 14:00:00,108425.0,112324.5,108397.3,112199.9,1358.66087
2025-10-21 15:00:00,112199.9,113578.2,111733.9,113439.0,1449.093962
2025-10-21 16:00:00,113439.0,114029.7,112485.2,112588.4,1112.426966
2025-10-21 17:00:00,112588.4,113017.0,111814.4,112016.0,967.792024
2025-10-21 18:00:00,112016.0,112305.2,111335.1,111998.6,475.222777
2025-10-21 19:00:00,111998.6,112214.3,111559.7,111782.3,385.607167
2025-10-21 20:00:00,111782.3,111812.4,110511.4,110795.9,575.752698
2025-10-21 21:00:00,110795.9,111121.2,110121.3,110827.4,425.499377
2025-10-21 22:00:00,110827.4,110827.4,108203.1,109059.7,997.812851
2025-10-21 23:00:00,109059.7,109424.6,108026.5,108300.5,502.417256
2025-10-22 00:00:00,108300.5,108635.5,107835.7,107975.2,605.252077
2025-10-22 01:00:00,107975.2,108465.0,107975.2,108361.9,470.964692
2025-10-22 02:00:00,108361.9,108680.0,108212.6,108212.6,381.451516
2025-10-22 03:00:00,108212.6,108229.2,107873.0,108217.7,323.903679
2025-10-22 04:00:00,108217.7,108639.5,108158.4,108626.8,267.269492
2025-10-22 05:00:00,108626.8,108653.7,107890.5,108173.2,347.528877
2025-10-22 06:00:00,108173.2,108352.5,107957.3,107990.0,264.711961
2025-10-22 07:00:00,107990.0,108329.8,107612.0,108326.9,495.491479
2025-10-22 08:00:00,108326.9,108363.0,108075.9,108226.8,259.922636
2025-10-22 09:00:00,108226.8,108278.9,107772.4,107962.2,278.442401
2025-10-22 10:00:00,107962.2,108113.0,107643.1,107663.5,339.92959
2025-10-22 11:00:00,107663.5,108226.1,106671.1,107553.2,908.236922
2025-10-22 12:00:00,107553.2,108411.1,107447.8,108042.4,477.4267
2025-10-22 13:00:00,108042.4,109145.3,107620.0,108786.5,621.581394
2025-10-22 14:00:00,108786.5,109018.0,107491.6,108958.4,1138.750731
2025-10-22 15:00:00,108958.4,109171.7,107731.6,108409.7,575.858851
2025-10-22 16:00:00,108409.7,108815.6,107848.6,108224.4,509.640786
2025-10-22 17:00:00,108224.4,108342.9,107556.5,107777.1,410.957576
2025-10-22 18:00:00,107777.1,108205.9,107450.9,108011.2,390.821288
2025-10-22 19:00:00,108011.2,108419.1,107680.8,107865.2,405.092033
2025-10-22 20:00:00,107865.2,108073.9,107493.6,107687.3,257.27778
2025-10-22 21:00:00,107687.3,107743.5,106582.7,107203.2,672.2836
2025-10-22 22:00:00,107203.2,107708.8,106911.0,107197.4,304.840873
2025-10-22 23:00:00,107197.4,107949.9,107163.5,107576.7,262.003456
2025-10-23 00:00:00,107576.7,107979.8,107504.9,107859.5,226.859952
2025-10-23 01:00:00,107859.5,108520.0,107814.6,108155.0,529.983874
2025-10-23 02:00:00,108155.0,108431.7,108056.2,108418.5,270.617997
2025-10-23 03:00:00,108418.5,108722.9,108326.3,108378.5,314.037136
2025-10-23 04:00:00,108378.5,108941.5,108357.9,108650.5,216.71465
2025-10-23 05:00:00,108650.5,108986.9,108628.9,108954.2,201.258744
2025-10-23 06:00:00,108954.2,110308.4,108855.0,110245.5,769.558734
2025-10-23 07:00:00,110245.5,110278.0,109210.2,109277.2,516.782549
2025-10-23 08:00:00,109277.2,109906.2,109254.1,109506.8,360.002947
2025-10-23 09:00:00,109506.8,109542.8,109133.1,109438.0,254.566748
2025-10-23 10:00:00,109438.0,109716.2,109387.4,109442.4,246.227583
2025-10-23 11:00:00,109442.4,109656.9,109099.5,109258.6,321.632365
2025-10-23 12:00:00,109258.6,109258.6,108688.9,109174.9,365.50338
2025-10-23 13:00:00,109174.9,109629.4,108807.3,109500.0,514.746491
2025-10-23 14:00:00,109500.0,109845.4,108710.0,109599.8,550.506469
2025-10-23 15:00:00,109599.8,110111.0,109487.4,109913.7,409.613152
2025-10-23 16:00:00,109913.7,110589.7,109641.5,110261.9,328.329063
2025-10-23 17:00:00,110261.9,111313.2,109642.6,111245.8,568.653062
2025-10-23 18:00:00,111245.8,111323.5,110261.2,110575.4,393.189195
2025-10-23 19:00:00,110575.4,110630.3,110103.1,110198.1,198.603989
2025-10-23 20:00:00,110198.1,110203.8,109327.8,109505.2,407.894032
2025-10-23 21:00:00,109505.2,109722.0,109355.5,109533.7,177.935175
2025-10-23 22:00:00,109533.7,110165.2,109501.7,109936.6,193.088504
2025-10-23 23:00:00,109936.6,110090.0,109829.8,110068.3,111.292944
2025-10-24 00:00:00,110068.3,110711.0,109986.8,110497.9,358.676182
2025-10-24 01:00:00,110497.9,110661.1,110130.2,110575.8,313.603947
2025-10-24 02:00:00,110575.8,110829.1,110341.2,110567.7,197.58716
2025-10-24 03:00:00,110567.7,110637.2,110276.3,110452.5,191.23747
2025-10-24 04:00:00,110452.5,111498.5,110332.4,111169.6,498.836202
2025-10-24 05:00:00,111169.6,111323.5,110944.1,111263.7,335.52212
2025-10-24 06:00:00,111263.7,111518.3,111135.6,111466.4,339.21656
2025-10-24 07:00:00,111466.4,111544.4,110776.8,111068.0,441.246605
2025-10-24 08:00:00,111068.0,111254.6,110663.0,111095.1,369.099695
2025-10-24 09:00:00,111095.1,111499.0,111000.0,111337.2,332.282414
2025-10-24 10:00:00,111337.2,111337.2,111065.6,111126.7,242.469464
2025-10-24 11:00:00,111126.7,111285.4,110608.4,111069.9,315.115189
2025-10-24 12:00:00,111069.9,112159.9,110884.8,111316.2,979.727006
2025-10-24 13:00:00,111316.2,111453.4,110382.9,110942.3,700.489183
2025-10-24 14:00:00,110942.3,110942.3,109685.0,110224.3,942.471145
2025-10-24 15:00:00,110224.3,110619.0,109884.0,110047.7,342.368291
2025-10-24 16:00:00,110047.7,110384.7,109787.9,110261.7,308.322307
2025-10-24 17:00:00,110261.7,110575.0,110180.1,110217.9,246.316589
2025-10-24 18:00:00,110217.9,110648.3,110152.5,110601.8,192.630823
2025-10-24 19:00:00,110601.8,110941.6,110517.5,110613.5,285.714579
2025-10-24 20:00:00,110613.5,111018.3,110477.5,110894.0,146.056875
2025-10-24 21:00:00,110894.0,111108.2,110627.0,111077.6,234.978672
2025-10-24 22:00:00,111077.6,111134.9,110919.9,111018.5,69.949515
2025-10-24 23:00:00,111018.5,111126.2,110875.1,111011.0,42.168246
2025-10-25 00:00:00,111011.0,111046.3,110671.5,110771.5,148.845058
2025-10-25 01:00:00,110771.5,111227.3,110748.6,111074.5,167.060808
2025-10-25 02:00:00,111074.5,111136.2,110951.9,111034.2,95.973363
2025-10-25 03:00:00,111034.2,111141.0,110995.0,111021.9,104.716876
2025-10-25 04:00:00,111021.9,111447.5,111021.9,111226.7,170.007438
2025-10-25 05:00:00,111226.7,111435.4,111085.0,111374.8,127.995236
2025-10-25 06:00:00,111374.8,111498.0,111254.7,111360.8,190.458744
2025-10-25 07:00:00,111360.8,111840.6,111360.8,111511.2,332.422323
2025-10-25 08:00:00,111511.2,111817.2,111486.2,111776.6,223.335092
2025-10-25 09:00:00,111776.6,111856.4,111474.5,111529.9,221.862757
2025-10-25 10:00:00,111529.9,111733.0,111387.3,111575.7,177.832707
2025-10-25 11:00:00,111575.7,111678.4,111486.4,111579.9,94.790658
2025-10-25 12:00:00,111579.9,111958.2,111532.5,111912.4,200.127398
2025-10-25 13:00:00,111912.4,111936.5,111525.4,111679.2,216.907772
2025-10-25 14:00:00,111679.2,111775.0,111519.5,111605.5,104.090018
2025-10-25 15:00:00,111605.5,111605.5,111315.4,111391.2,156.626312
2025-10-25 16:00:00,111391.2,111481.5,111162.5,111377.6,188.412608
2025-10-25 17:00:00,111377.6,111456.9,111262.4,111382.3,86.339808
2025-10-25 18:00:00,111382.3,111737.8,111314.6,111729.3,128.298106
2025-10-25 19:00:00,111729.3,111732.6,111577.3,111631.5,78.660529
2025-10-25 20:00:00,111631.5,111660.2,111359.2,111440.2,95.175432
2025-10-25 21:00:00,111440.2,111494.0,111348.5,111482.9,73.284383
2025-10-25 22:00:00,111482.9,111697.2,111408.4,111627.4,58.849571
2025-10-25 23:00:00,111627.4,111687.7,111528.9,111646.2,61.343573
2025-10-26 00:00:00,111646.2,111923.7,111541.6,111725.4,186.056569
2025-10-26 01:00:00,111725.4,111858.3,111530.0,111648.5,164.44761
2025-10-26 02:00:00,111648.5,111696.7,111415.0,111465.0,133.084988
2025-10-26 03:00:00,111465.0,111546.5,111265.5,111271.5,133.771909
2025-10-26 04:00:00,111271.5,111491.9,111264.0,111434.8,92.447875
2025-10-26 05:00:00,111434.8,111658.1,111361.4,111616.7,78.183373
2025-10-26 06:00:00,111616.7,111690.7,111542.2,111636.2,67.042579
2025-10-26 07:00:00,111636.2,111737.5,111613.8,111735.0,71.206173
2025-10-26 08:00:00,111735.0,111853.1,111734.9,111778.5,105.837712
2025-10-26 09:00:00,111778.5,112797.9,111712.9,112539.7,610.192043
2025-10-26 10:00:00,112539.7,112578.2,112180.2,112483.8,181.987687
2025-10-26 11:00:00,112483.8,113481.1,112422.8,113291.9,513.057385
2025-10-26 12:00:00,113291.9,113952.0,113285.2,113579.4,747.470375
2025-10-26 13:00:00,113579.4,114047.5,113276.4,113711.8,559.377883
2025-10-26 14:00:00,113711.8,113895.9,113536.8,113574.0,374.280311
2025-10-26 15:00:00,113574.0,113747.7,113428.1,113698.1,181.846764
2025-10-26 16:00:00,113698.1,113775.0,113292.5,113517.0,239.402331
2025-10-26 17:00:00,113517.0,113750.6,113434.3,113438.1,97.846571
2025-10-26 18:00:00,113438.1,113788.8,113438.1,113584.8,134.461228
2025-10-26 19:00:00,113584.8,113713.0,113501.7,113588.9,99.578665
2025-10-26 20:00:00,113588.9,113588.9,113286.3,113313.7,102.216536
2025-10-26 21:00:00,113313.7,113598.5,112870.6,113495.4,208.348
2025-10-26 22:00:00,113495.4,115542.4,113495.4,114685.3,832.031502
2025-10-26 23:00:00,114685.3,114973.3,114384.6,114550.8,342.121028
2025-10-27 00:00:00,114550.8,115175.0,114362.3,114762.7,508.410983
2025-10-27 01:00:00,114762.7,115381.4,114705.6,115280.7,294.409248
2025-10-27 02:00:00,115280.7,115453.0,114828.8,114883.6,285.165492
2025-10-27 03:00:00,114883.6,115263.0,114830.4,114980.5,218.642182
2025-10-27 04:00:00,114980.5,115300.0,114941.1,115263.0,183.463984
2025-10-27 05:00:00,115263.0,115660.4,115262.9,115559.6,416.723954
2025-10-27 06:00:00,115559.6,116118.9,115370.3,116045.5,562.088668
2025-10-27 07:00:00,116045.5,116400.0,115495.9,115548.0,551.887186
2025-10-27 08:00:00,115548.0,115600.6,114902.1,115026.9,470.46153
2025-10-27 09:00:00,115026.9,115361.6,114826.4,115247.3,454.397559
2025-10-27 10:00:00,115247.3,115552.4,115117.2,115457.9,202.432681
2025-10-27 11:00:00,115457.9,115532.2,115127.8,115349.5,233.389687
2025-10-27 12:00:00,115349.5,115435.8,115000.8,115062.0,217.335803
2025-10-27 13:00:00,115062.0,115402.3,114585.7,115260.6,531.107134
2025-10-27 14:00:00,115260.6,115358.2,114483.1,114805.4,503.127531
2025-10-27 15:00:00,114805.4,115223.6,114768.0,114968.8,338.769071
2025-10-27 16:00:00,114968.8,115635.0,114856.9,115488.0,285.898822
2025-10-27 17:00:00,115488.0,115725.9,115304.3,115700.7,221.3201
2025-10-27 18:00:00,115700.7,115799.9,115321.4,115350.0,214.956726
2025-10-27 19:00:00,115350.0,115350.1,114785.2,114946.2,235.249298
2025-10-27 20:00:00,114946.2,114946.2,114340.1,114451.1,201.883893
2025-10-27 21:00:00,114451.1,114635.4,114137.2,114298.0,203.920321
2025-10-27 22:00:00,114298.0,114587.0,114063.1,114118.4,212.16742
2025-10-27 23:00:00,114118.4,114220.3,113839.1,114110.3,262.851959
2025-10-28 00:00:00,114110.3,114363.9,113783.0,113961.8,324.999374
2025-10-28 01:00:00,113961.8,114523.4,113961.8,114417.1,341.710635
2025-10-28 02:00:00,114417.1,114473.7,113567.9,113930.2,315.535156
2025-10-28 03:00:00,113930.2,114107.6,113709.6,113899.4,357.482965
2025-10-28 04:00:00,113899.4,114070.8,113750.9,113957.3,212.259587
2025-10-28 05:00:00,113957.3,113983.7,113478.0,113603.1,264.764064
2025-10-28 06:00:00,113603.1,114185.0,113603.1,114107.3,277.046693
2025-10-28 07:00:00,114107.3,114356.6,114087.1,114180.8,315.885719
2025-10-28 08:00:00,114180.8,114480.1,114102.6,114420.0,206.403335
2025-10-28 09:00:00,114420.0,114632.2,114200.0,114519.6,189.698256
2025-10-28 10:00:00,114519.6,114610.8,114418.6,114595.1,120.868909
2025-10-28 11:00:00,114595.1,114671.5,114294.5,114351.3,150.495988
2025-10-28 12:00:00,114351.3,114528.4,114140.0,114456.1,185.484867
2025-10-28 13:00:00,114456.1,115527.4,114456.1,115527.3,751.952466
2025-10-28 14:00:00,115527.3,116099.9,114221.0,115076.8,1076.645339
2025-10-28 15:00:00,115076.8,115400.0,114517.0,114642.8,453.299214
2025-10-28 16:00:00,114642.8,115505.5,114534.5,115350.1,391.571483
2025-10-28 17:00:00,115350.1,115597.2,115220.3,115302.5,225.54522
2025-10-28 18:00:00,115302.5,115374.2,114650.8,115022.0,256.858707
2025-10-28 19:00:00,115022.0,115069.4,113563.1,113690.4,604.428386
2025-10-28 20:00:00,113690.4,113709.5,112320.0,112792.1,1234.830392
2025-10-28 21:00:00,112792.1,113215.1,112178.9,112985.0,438.28406
2025-10-28 22:00:00,112985.0,113296.0,112828.6,113224.3,258.502739
2025-10-28 23:00:00,113224.3,113224.3,112769.4,112892.3,187.6584
2025-10-29 00:00:00,112892.3,112897.5,112432.6,112432.7,310.032252
2025-10-29 01:00:00,112432.7,112970.9,112088.9,112482.5,493.650193
2025-10-29 02:00:00,112482.5,112784.3,112393.6,112661.8,262.89864
2025-10-29 03:00:00,112661.8,112661.8,112321.5,112511.1,176.992226
2025-10-29 04:00:00,112511.1,112872.0,112489.4,112811.5,259.434995
2025-10-29 05:00:00,112811.5,113354.1,112808.2,113028.1,306.847791
2025-10-29 06:00:00,113028.1,113339.5,112959.6,113270.0,235.378397
2025-10-29 07:00:00,113270.0,113566.9,113202.2,113563.0,650.447266
2025-10-29 08:00:00,113563.0,113623.2,112950.0,113064.0,280.834469
2025-10-29 09:00:00,113064.0,113102.8,112767.5,112976.6,233.26048
2025-10-29 10:00:00,112976.6,113192.0,112731.5,112863.6,217.568306
2025-10-29 11:00:00,112863.6,113255.0,112739.0,113132.9,192.265764
2025-10-29 12:00:00,113132.9,113324.1,113063.2,113155.8,180.26788
2025-10-29 13:00:00,113155.8,113636.2,112696.9,112870.9,522.128035
2025-10-29 14:00:00,112870.9,112920.0,112229.9,112485.5,508.320729
2025-10-29 15:00:00,112485.5,112562.2,111398.8,111509.4,750.652887
2025-10-29 16:00:00,111509.4,111517.5,110940.1,111113.3,676.947891
2025-10-29 17:00:00,111113.3,111917.0,111001.0,111862.0,435.832426
2025-10-29 18:00:00,111862.0,112008.7,109156.3,110807.7,2246.856014
2025-10-29 19:00:00,110807.7,111451.0,110146.7,110652.2,641.796166
2025-10-29 20:00:00,110652.2,111545.1,110396.6,111435.7,479.46797
2025-10-29 21:00:00,111435.7,111809.1,111380.6,111624.4,190.201112
2025-10-29 22:00:00,111624.4,111629.2,110939.0,111028.7,213.709753
2025-10-29 23:00:00,111028.7,111082.8,109733.2,110026.1,420.492911
2025-10-30 00:00:00,110026.1,110579.8,109727.0,110553.2,563.002102
2025-10-30 01:00:00,110553.2,110713.0,110242.2,110454.1,363.936841
2025-10-30 02:00:00,110454.1,111008.3,110325.3,110975.3,254.874036
2025-10-30 03:00:00,110975.3,110989.6,110525.5,110751.8,229.534584
2025-10-30 04:00:00,110751.8,110754.0,107940.7,108563.3,1429.366567
2025-10-30 05:00:00,108563.3,110434.7,108404.9,110251.9,685.224996
2025-10-30 06:00:00,110251.9,110964.3,109987.9,110763.7,371.548963
2025-10-30 07:00:00,110763.7,111600.0,110645.6,111367.0,397.215675
2025-10-30 08:00:00,111367.0,111434.7,110675.1,110712.9,277.381146
2025-10-30 09:00:00,110712.9,110817.1,110120.2,110171.1,439.992673
2025-10-30 10:00:00,110171.1,110233.5,109816.1,110107.4,419.342373
2025-10-30 11:00:00,110107.4,110146.0,109690.5,109706.7,260.963686
2025-10-30 12:00:00,109706.7,109784.7,108249.1,108385.2,783.67995
2025-10-30 13:00:00,108385.2,108735.2,107382.9,107614.2,929.407337
2025-10-30 14:00:00,107614.2,108356.0,107589.1,108268.0,588.729954
2025-10-30 15:00:00,108268.0,108336.3,107305.9,107711.2,454.60819
2025-10-30 16:00:00,107711.2,108218.0,107555.2,108147.1,259.645041
2025-10-30 17:00:00,108147.1,108158.9,106800.0,107484.7,625.868225
2025-10-30 18:00:00,107484.7,107561.6,106788.1,106838.8,291.700363
2025-10-30 19:00:00,106838.8,107146.2,106285.4,106515.1,578.07018
2025-10-30 20:00:00,106515.1,107652.6,106306.2,107502.2,491.886419
2025-10-30 21:00:00,107502.2,107951.9,107393.6,107914.0,216.819155
2025-10-30 22:00:00,107914.0,107962.3,107431.8,107918.0,160.693101
2025-10-30 23:00:00,107918.0,108347.2,107600.0,108309.9,252.838748
2025-10-31 00:00:00,108309.9,109604.8,108266.0,109323.8,833.441613
2025-10-31 01:00:00,109323.8,110041.1,109174.5,109632.8,762.271595
2025-10-31 02:00:00,109632.8,109696.2,108564.1,108859.0,469.730391
2025-10-31 03:00:00,108859.0,109325.4,108621.4,109229.3,288.468045
2025-10-31 04:00:00,109229.3,110250.0,109108.9,110082.2,377.793237
2025-10-31 05:00:00,110082.2,110082.2,109694.8,109900.0,203.091349
2025-10-31 06:00:00,109900.0,109976.3,109525.7,109650.4,219.318904
2025-10-31 07:00:00,109650.4,109800.0,109259.5,109443.5,305.189783
2025-10-31 08:00:00,109443.5,110096.4,109207.7,110059.3,375.710507
2025-10-31 09:00:00,110059.3,110452.6,109809.2,109859.8,296.145012
2025-10-31 10:00:00,109859.8,110118.0,109705.6,109821.8,136.766469
2025-10-31 11:00:00,109821.8,110552.8,109459.1,110424.6,335.843917
2025-10-31 12:00:00,110424.6,110679.7,109616.3,109659.3,369.820111
2025-10-31 13:00:00,109659.3,110240.2,109362.5,110157.1,388.485205
2025-10-31 14:00:00,110157.1,111018.1,109577.7,110769.8,591.705965
2025-10-31 15:00:00,110769.8,111160.0,110112.4,110188.4,395.39723
2025-10-31 16:00:00,110188.4,110295.5,108621.5,108820.8,436.076414
2025-10-31 17:00:00,108820.8,109416.7,108587.4,109297.6,418.324916
2025-10-31 18:00:00,109297.6,109809.1,108953.5,109439.0,308.504499
2025-10-31 19:00:00,109439.0,110241.4,109105.2,109834.9,234.130876
2025-10-31 20:00:00,109834.9,109834.9,109427.6,109477.3,159.06506
2025-10-31 21:00:00,109477.3,109747.2,109318.1,109564.6,114.303256
2025-10-31 22:00:00,109564.6,109800.0,109478.2,109582.6,79.849452
2025-10-31 23:00:00,109582.6,109693.0,109517.8,109603.1,57.992437
2025-11-01 00:00:00,109603.1,109752.7,109385.7,109724.3,138.769289
2025-11-01 01:00:00,109724.3,110055.9,109698.7,109727.1,150.819051
2025-11-01 02:00:00,109727.1,109868.1,109473.3,109780.5,156.723891
2025-11-01 03:00:00,109780.5,110310.4,109780.4,110234.9,235.289771
2025-11-01 04:00:00,110234.9,110564.5,110111.7,110291.1,175.365487
2025-11-01 05:00:00,110291.1,110388.9,110038.6,110133.7,131.22386
2025-11-01 06:00:00,110133.7,110171.8,109950.0,109999.7,134.51641
2025-11-01 07:00:00,109999.7,110247.2,109983.1,110067.7,124.744154
2025-11-01 08:00:00,110067.7,110267.9,110067.7,110244.4,115.749604
2025-11-01 09:00:00,110244.4,110252.3,109964.9,109990.9,111.37507
2025-11-01 10:00:00,109990.9,110169.4,109838.9,110150.1,169.874202
2025-11-01 11:00:00,110150.1,110220.0,109989.1,110133.6,121.672745
2025-11-01 12:00:00,110133.6,110200.0,109999.9,110016.0,91.582402
2025-11-01 13:00:00,110016.0,110057.7,109715.9,109951.9,110.564117
2025-11-01 14:00:00,109951.9,109997.2,109718.2,109939.9,144.084983
2025-11-01 15:00:00,109939.9,110363.8,109913.9,110312.9,193.276798
2025-11-01 16:00:00,110312.9,110533.0,110196.5,110467.3,199.290941
2025-11-01 17:00:00,110467.3,110497.7,110182.2,110212.2,139.284491
2025-11-01 18:00:00,110212.2,110364.1,110188.6,110328.8,74.108915
2025-11-01 19:00:00,110328.8,110328.9,110210.7,110293.6,39.870254
2025-11-01 20:00:00,110293.6,110510.9,110292.0,110405.3,83.911725
2025-11-01 21:00:00,110405.3,110432.2,109856.8,109861.7,166.178875
2025-11-01 22:00:00,109861.7,110093.7,109861.6,110089.9,118.995465
2025-11-01 23:00:00,110089.9,110143.9,109958.5,110092.3,100.964438
2025-11-02 00:00:00,110092.3,110127.5,109884.2,109973.7,91.825935
2025-11-02 01:00:00,109973.7,110094.5,109911.3,109968.7,72.721351
2025-11-02 02:00:00,109968.7,110262.2,109876.8,110015.9,99.037746
2025-11-02 03:00:00,110015.9,110089.6,109959.8,110048.1,59.334214
2025-11-02 04:00:00,110048.1,110788.9,110017.8,110670.8,213.380771
2025-11-02 05:00:00,110670.8,110707.7,110280.5,110507.3,246.630426
2025-11-02 06:00:00,110507.3,110728.0,110297.4,110659.9,133.841558
2025-11-02 07:00:00,110659.9,111040.0,110430.9,110898.9,213.755246
2025-11-02 08:00:00,110898.9,111017.8,110712.5,110854.9,135.27473
2025-11-02 09:00:00,110854.9,111046.4,110521.6,110708.7,177.210127
2025-11-02 10:00:00,110708.7,110860.3,110345.2,110490.6,208.696894
2025-11-02 11:00:00,110490.6,111225.2,110470.2,111182.8,212.293454
2025-11-02 12:00:00,111182.8,111236.5,110683.4,110736.8,207.862977
2025-11-02 13:00:00,110736.8,110766.7,110151.0,110563.2,293.881462
2025-11-02 14:00:00,110563.2,110666.2,110195.1,110421.4,271.212498
2025-11-02 15:00:00,110421.4,110569.8,110087.0,110118.4,192.215415
2025-11-02 16:00:00,110118.4,110137.6,109735.6,110113.0,383.608838
2025-11-02 17:00:00,110113.0,110272.0,110002.2,110190.7,112.172751
2025-11-02 18:00:00,110190.7,110337.5,110172.9,110335.1,85.968234
2025-11-02 19:00:00,110335.1,110337.4,109953.4,110173.2,119.063635
2025-11-02 20:00:00,110173.2,110210.3,109878.5,110088.4,89.918913
2025-11-02 21:00:00,110088.4,110133.9,109968.1,109999.2,70.466309
2025-11-02 22:00:00,109999.2,110021.7,109492.1,109912.6,182.722043
2025-11-02 23:00:00,109912.6,110749.9,109912.6,110539.9,369.033794
2025-11-03 00:00:00,110539.9,110761.5,109752.9,109753.0,273.782168
2025-11-03 01:00:00,109753.0,109895.4,109355.2,109668.3,417.719549
2025-11-03 02:00:00,109668.3,109762.2,108644.8,109031.3,530.971138
2025-11-03 03:00:00,109031.3,109152.8,107900.0,107932.1,735.945536
2025-11-03 04:00:00,107932.1,107997.0,107476.3,107884.9,676.180863
2025-11-03 05:00:00,107884.9,108056.4,107392.8,107594.8,448.138162
2025-11-03 06:00:00,107594.8,107694.1,107000.0,107486.8,591.507073
2025-11-03 07:00:00,107486.8,107817.7,107261.2,107463.6,548.056438
2025-11-03 08:00:00,107463.6,107714.1,106948.0,107593.7,541.774086
2025-11-03 09:00:00,107593.7,107926.2,107090.4,107210.7,345.519137
2025-11-03 10:00:00,107210.7,107629.3,106755.3,106985.9,383.663106
2025-11-03 11:00:00,106985.9,107920.3,106973.2,107793.7,355.466285
2025-11-03 12:00:00,107793.7,108256.9,107716.0,107774.8,394.326375
2025-11-03 13:00:00,107774.8,108074.9,107579.3,107911.0,297.181864
2025-11-03 14:00:00,107911.0,108330.1,107367.1,108062.7,501.403571
2025-11-03 15:00:00,108062.7,108156.3,105504.5,105751.1,1674.10327
2025-11-03 16:00:00,105751.1,106789.3,105307.4,106671.6,975.134583
2025-11-03 17:00:00,106671.6,107751.3,106528.1,107471.8,400.261618
2025-11-03 18:00:00,107471.8,107595.8,106806.1,106955.7,256.634819
2025-11-03 19:00:00,106955.7,107391.3,106434.8,107086.3,274.879335
2025-11-03 20:00:00,107086.3,107169.1,106320.5,106658.0,272.416828
2025-11-03 21:00:00,106658.0,107099.9,106071.2,106888.7,331.700499
2025-11-03 22:00:00,106888.7,106888.7,105810.0,106489.0,263.002057
2025-11-03 23:00:00,106489.0,106750.0,106033.8,106581.4,162.00181
2025-11-04 00:00:00,106581.4,106826.4,105847.9,106464.0,467.156391
2025-11-04 01:00:00,106464.0,107292.8,106266.2,107028.2,492.824524
2025-11-04 02:00:00,107028.2,107231.7,106461.4,106476.2,354.726066
2025-11-04 03:00:00,106476.2,107228.0,106211.5,107147.1,423.166002
2025-11-04 04:00:00,107147.1,107294.2,106667.8,106746.2,319.970614
2025-11-04 05:00:00,106746.2,106746.3,104180.3,104210.9,1070.237567
2025-11-04 06:00:00,104210.9,105232.42,104178.6,104750.0,928.136881
2025-11-04 07:00:00,104750.0,104993.8,104324.1,104485.2,616.440656
2025-11-04 08:00:00,104485.2,104638.2,103747.1,104054.4,723.980644
2025-11-04 09:00:00,104054.4,104136.9,103638.8,103862.6,390.283146
2025-11-04 10:00:00,103862.6,104101.4,103603.2,103821.3,345.73824
2025-11-04 11:00:00,103821.3,104699.9,103772.6,104582.0,272.472222
2025-11-04 12:00:00,104582.0,104643.5,103842.7,103957.1,337.063476
2025-11-04 13:00:00,103957.1,104241.8,103575.1,103917.0,289.356159
2025-11-04 14:00:00,103917.0,104700.0,102926.1,104502.1,892.788207
2025-11-04 15:00:00,104502.1,104864.6,103191.2,103205.6,659.205524
2025-11-04 16:00:00,103205.6,103507.2,102167.0,102257.9,867.040964
2025-11-04 17:00:00,102257.9,102258.8,100809.6,101100.9,1306.508211
2025-11-04 18:00:00,101100.9,101497.0,100000.0,101362.4,1253.322386
2025-11-04 19:00:00,101362.4,101709.9,100400.1,100535.3,653.870221
2025-11-04 20:00:00,100535.3,101114.8,99548.6,100750.6,1485.908177
2025-11-04 21:00:00,100750.6,100831.2,98947.8,100309.6,1156.416208
2025-11-04 22:00:00,100309.6,101914.5,100085.1,101301.1,629.528248
2025-11-04 23:00:00,101301.1,101736.6,100900.0,101491.7,433.0221
2025-11-05 00:00:00,101491.7,101752.2,100350.0,100565.6,639.350785
2025-11-05 01:00:00,100565.6,101015.5,98961.7,100756.9,1121.979005
2025-11-05 02:00:00,100756.9,101931.9,100749.1,101676.8,960.013623
2025-11-05 03:00:00,101676.8,102272.6,101454.7,102139.0,682.934787
2025-11-05 04:00:00,102139.0,102254.7,101529.4,101995.7,342.190369
2025-11-05 05:00:00,101995.7,102355.0,101596.5,101819.0,334.459963
2025-11-05 06:00:00,101819.0,102137.4,101486.4,102114.1,291.59061
2025-11-05 07:00:00,102114.1,102189.47,101601.8,101995.7,347.521381
2025-11-05 08:00:00,101995.7,102000.0,101173.8,101699.4,457.754594
2025-11-05 09:00:00,101699.4,102214.2,101604.6,101991.9,285.277884
2025-11-05 10:00:00,101991.9,101997.6,101296.0,101396.1,262.908823
2025-11-05 11:00:00,101396.1,102109.4,101379.3,102074.3,285.662383
2025-11-05 12:00:00,102074.3,102787.2,101919.2,102673.5,436.230972
2025-11-05 13:00:00,102673.5,103249.4,102273.5,102976.8,486.436253
2025-11-05 14:00:00,102976.8,103464.2,102172.6,103203.9,630.505202
2025-11-05 15:00:00,103203.9,103793.1,102829.1,103726.4,584.123541
2025-11-05 16:00:00,103726.4,104040.0,103074.1,103919.6,515.446159
2025-11-05 17:00:00,103919.6,104008.0,103380.9,103916.4,293.455775
2025-11-05 18:00:00,103916.4,104435.3,103768.0,104355.0,277.314779
2025-11-05 19:00:00,104355.0,104547.3,103984.0,104003.8,323.319043
2025-11-05 20:00:00,104003.8,104543.2,103629.6,103837.3,356.428725
2025-11-05 21:00:00,103837.3,103843.2,103505.3,103668.4,272.491487
2025-11-05 22:00:00,103668.4,103801.3,103299.7,103713.2,238.195791
2025-11-05 23:00:00,103713.2,104114.6,103667.4,103890.2,190.308211
2025-11-06 00:00:00,103890.2,103898.4,103332.6,103685.8,343.857548
2025-11-06 01:00:00,103685.8,103685.9,102729.0,103360.2,471.292311
2025-11-06 02:00:00,103360.2,103571.0,102855.4,103322.8,534.735613
2025-11-06 03:00:00,103322.8,103944.7,103319.6,103643.0,382.448095
2025-11-06 04:00:00,103643.0,104204.7,103581.0,104034.1,290.46442
2025-11-06 05:00:00,104034.1,104034.1,103087.3,103148.6,401.839443
2025-11-06 06:00:00,103148.6,103592.1,103002.4,103329.0,419.592432
2025-11-06 07:00:00,103329.0,103579.9,102915.0,103188.8,351.238408
2025-11-06 08:00:00,103188.8,103452.3,102980.9,103208.9,287.638166
2025-11-06 09:00:00,103208.9,103272.4,102805.0,102805.7,248.481793
2025-11-06 10:00:00,102805.7,103292.1,102652.4,103133.1,249.638871
2025-11-06 11:00:00,103133.1,103313.9,102750.0,103234.5,199.936637
2025-11-06 12:00:00,103234.5,103349.3,102387.9,102561.2,365.5437
2025-11-06 13:00:00,102561.2,103639.3,102561.2,103327.2,348.774886
2025-11-06 14:00:00,103327.2,103594.1,102044.8,102131.9,628.730781
2025-11-06 15:00:00,102131.9,102915.2,101620.6,102005.3,804.736217
2025-11-06 16:00:00,102005.3,102388.0,100288.7,100861.6,839.333518
2025-11-06 17:00:00,100861.6,101956.48,100759.1,101793.9,549.539138
2025-11-06 18:00:00,101793.9,102336.3,100911.4,101722.7,429.168595
2025-11-06 19:00:00,101722.7,101997.7,101197.3,101380.9,290.155137
2025-11-06 20:00:00,101380.9,101663.2,100644.1,100912.9,306.572034
2025-11-06 21:00:00,100912.9,101226.8,100538.7,101118.0,248.999401
2025-11-06 22:00:00,101118.0,101490.1,101002.6,101410.7,142.211352
2025-11-06 23:00:00,101410.7,101537.5,101122.4,101347.2,217.650364
2025-11-07 00:00:00,101347.2,101639.1,100744.0,101474.6,498.146888
2025-11-07 01:00:00,101474.6,101887.92,100886.1,101538.0,612.784292
2025-11-07 02:00:00,101538.0,101923.0,101243.1,101904.9,381.444092
2025-11-07 03:00:00,101904.9,102333.0,101872.9,101904.8,496.854652
2025-11-07 04:00:00,101904.8,102065.1,101575.1,102015.5,284.673585
2025-11-07 05:00:00,102015.5,102520.7,102014.4,102447.7,336.788321
2025-11-07 06:00:00,102447.7,102497.7,101793.7,101817.6,471.15814
2025-11-07 07:00:00,101817.6,102024.5,101627.8,102015.8,393.174609
2025-11-07 08:00:00,102015.8,102058.6,101427.3,101501.0,279.241962
2025-11-07 09:00:00,101501.0,101512.4,100782.9,101011.2,392.044284
2025-11-07 10:00:00,101011.2,101257.2,100567.3,100771.4,280.574983
2025-11-07 11:00:00,100771.4,100795.2,99764.1,100406.3,798.74219
2025-11-07 12:00:00,100406.3,100624.0,99255.1,99636.1,544.415197
2025-11-07 13:00:00,99636.1,100576.7,99440.3,100341.7,493.776013
2025-11-07 14:00:00,100341.7,100908.8,99509.8,100778.4,844.02807
2025-11-07 15:00:00,100778.4,101271.63,100350.6,100794.5,691.978847
2025-11-07 16:00:00,100794.5,101633.0,100510.1,101167.6,538.559723
2025-11-07 17:00:00,101167.6,102725.0,100939.1,102397.8,619.599013
2025-11-07 18:00:00,102397.8,102861.1,102288.8,102613.5,478.325583
2025-11-07 19:00:00,102613.5,103408.7,102481.8,103408.7,353.756384
2025-11-07 20:00:00,103408.7,103907.7,102957.2,103782.1,388.691037
2025-11-07 21:00:00,103782.1,103888.3,103337.4,103888.3,252.694906
2025-11-07 22:00:00,103888.3,104083.8,103593.7,103622.4,282.442021
2025-11-07 23:00:00,103622.4,103771.2,103324.1,103345.2,197.875034
2025-11-08 00:00:00,103345.2,103420.5,102537.0,102707.7,439.950135
2025-11-08 01:00:00,102707.7,103242.0,102654.8,103000.4,313.15669
2025-11-08 02:00:00,103000.4,103340.6,102757.1,102845.5,331.800762
2025-11-08 03:00:00,102845.5,103313.5,102582.6,102582.6,290.557634
2025-11-08 04:00:00,102582.6,102847.8,102405.2,102562.2,310.391152
2025-11-08 05:00:00,102562.2,102740.9,102267.4,102303.1,245.69293
2025-11-08 06:00:00,102303.1,102521.4,102085.9,102215.8,478.546127
2025-11-08 07:00:00,102215.8,102399.9,101910.0,102340.0,273.74955
2025-11-08 08:00:00,102340.0,102695.9,102150.1,102430.4,317.913957
2025-11-08 09:00:00,102430.4,102603.0,102222.0,102388.7,163.329801
2025-11-08 10:00:00,102388.7,102576.8,102293.9,102476.5,126.163756
2025-11-08 11:00:00,102476.5,102634.2,101714.8,101855.1,496.241129
2025-11-08 12:00:00,101855.1,102104.6,101731.9,102054.3,262.94449
2025-11-08 13:00:00,102054.3,102187.2,101724.8,101809.7,340.982596
2025-11-08 14:00:00,101809.7,102088.0,101458.2,101832.8,369.522123
2025-11-08 15:00:00,101832.8,101959.1,101494.9,101721.1,199.703099
2025-11-08 16:00:00,101721.1,101968.0,101524.2,101851.2,206.0935
2025-11-08 17:00:00,101851.2,102011.3,101574.0,101996.7,183.756383
2025-11-08 18:00:00,101996.7,102228.4,101823.0,102136.6,148.499625
2025-11-08 19:00:00,102136.6,102190.0,101514.3,101988.4,165.986452
2025-11-08 20:00:00,101988.4,102182.8,101945.8,102073.4,108.511794
2025-11-08 21:00:00,102073.4,102374.4,102025.3,102279.7,98.391099
2025-11-08 22:00:00,102279.7,102432.2,102174.1,102377.9,106.53736
2025-11-08 23:00:00,102377.9,102493.2,102283.9,102318.7,55.177388
2025-11-09 00:00:00,102318.7,102346.2,101628.5,101800.0,237.187983
2025-11-09 01:00:00,101800.0,102123.1,101689.6,102052.4,199.650345
2025-11-09 02:00:00,102052.4,102052.5,101584.5,101635.5,188.856447
2025-11-09 03:00:00,101635.5,101820.6,101399.1,101664.9,272.322776
2025-11-09 04:00:00,101664.9,102148.6,101635.0,101722.3,270.027036
2025-11-09 05:00:00,101722.3,102030.0,101681.1,101930.1,185.070494
2025-11-09 06:00:00,101930.1,101973.4,101687.3,101746.1,467.626653
2025-11-09 07:00:00,101746.1,101969.8,101674.4,101943.6,592.418192
2025-11-09 08:00:00,101943.6,102056.3,101812.6,101982.6,473.29788
2025-11-09 09:00:00,101982.6,102131.6,101617.8,101649.8,293.519086
2025-11-09 10:00:00,101649.8,101922.4,101500.6,101878.9,315.459431
2025-11-09 11:00:00,101878.9,102324.0,101878.8,102249.3,249.668806
2025-11-09 12:00:00,102249.3,102438.8,102049.3,102089.9,239.542002
2025-11-09 13:00:00,102089.9,102997.1,102075.0,102920.7,395.593204
2025-11-09 14:00:00,102920.7,104053.6,102761.7,103046.6,776.063779
2025-11-09 15:00:00,103046.6,104186.0,102972.3,103760.6,511.698541
2025-11-09 16:00:00,103760.6,103908.5,103331.2,103850.6,384.947903
2025-11-09 17:00:00,103850.6,103985.0,103331.7,103643.2,256.720162
2025-11-09 18:00:00,103643.2,104603.6,103512.6,104526.0,394.740582
2025-11-09 19:00:00,104526.0,104821.1,104160.0,104813.2,449.817131
2025-11-09 20:00:00,104813.2,105072.3,104409.6,104628.5,352.271755
2025-11-09 21:00:00,104628.5,104853.9,104320.0,104535.6,216.219902
2025-11-09 22:00:00,104535.6,104826.1,104100.0,104741.4,327.85759
2025-11-09 23:00:00,104741.4,105496.1,104514.0,104724.7,406.047927
2025-11-10 00:00:00,104724.7,106578.1,104264.5,106307.3,985.77604
2025-11-10 01:00:00,106307.3,106681.1,105725.0,105725.1,635.34143
2025-11-10 02:00:00,105725.1,106062.6,105600.0,106012.4,305.424726
2025-11-10 03:00:00,106012.4,106296.4,105844.1,106031.1,322.372359
2025-11-10 04:00:00,106031.1,106312.0,105850.0,106158.3,377.722394
2025-11-10 05:00:00,106158.3,106485.9,105994.5,106103.5,271.491528
2025-11-10 06:00:00,106103.5,106311.5,105952.6,106217.0,215.253057
2025-11-10 07:00:00,106217.0,106539.8,106152.8,106473.9,408.687851
2025-11-10 08:00:00,106473.9,106564.7,105880.0,105978.0,385.082799
2025-11-10 09:00:00,105978.0,106619.2,105832.1,106449.7,358.730578
2025-11-10 10:00:00,106449.7,106462.9,105978.1,106006.4,168.601873
2025-11-10 11:00:00,106006.4,106320.0,105960.3,106181.7,195.404191
2025-11-10 12:00:00,106181.7,106219.5,105852.4,105939.3,222.587211
2025-11-10 13:00:00,105939.3,106600.0,105921.0,106547.5,366.527264
2025-11-10 14:00:00,106547.5,106547.6,104688.1,104895.5,892.609142
2025-11-10 15:00:00,104895.5,105647.3,104660.2,105073.4,925.511828
2025-11-10 16:00:00,105073.4,105383.7,104786.7,105243.3,527.405188
2025-11-10 17:00:00,105243.3,105977.0,105185.2,105951.8,413.429104
2025-11-10 18:00:00,105951.8,106084.3,105465.8,105476.6,315.735003
2025-11-10 19:00:00,105476.6,106047.4,105401.1,105819.8,350.893969
2025-11-10 20:00:00,105819.8,106303.7,105796.7,106010.4,421.888444
2025-11-10 21:00:00,106010.4,106026.7,105263.0,105624.3,401.789189
2025-11-10 22:00:00,105624.3,106135.5,105350.0,106055.0,198.270509
2025-11-10 23:00:00,106055.0,106279.0,105892.2,106015.7,291.399257
2025-11-11 00:00:00,106015.7,106150.0,105509.0,106141.6,455.231679
2025-11-11 01:00:00,106141.6,107533.0,106021.0,106102.2,1000.510029
2025-11-11 02:00:00,106102.2,107137.0,105600.6,106652.3,770.61587
2025-11-11 03:00:00,106652.3,107109.4,106358.5,106463.8,454.644297
2025-11-11 04:00:00,106463.8,106549.7,105708.8,105750.9,449.692461
2025-11-11 05:00:00,105750.9,105753.3,105160.1,105250.1,470.050441
2025-11-11 06:00:00,105250.1,105347.3,104892.2,105263.0,622.592578
2025-11-11 07:00:00,105263.0,105341.3,104716.7,104788.1,386.920663
2025-11-11 08:00:00,104788.1,105295.6,104765.0,105165.1,300.314222
2025-11-11 09:00:00,105165.1,105483.0,104901.5,104968.6,279.776075
2025-11-11 10:00:00,104968.6,105244.1,104917.4,105164.2,268.335548
2025-11-11 11:00:00,105164.2,105521.7,105130.7,105301.9,253.266759
2025-11-11 12:00:00,105301.9,105509.2,104404.7,104545.8,462.409216
2025-11-11 13:00:00,104545.8,104716.1,104223.6,104396.4,721.800673
2025-11-11 14:00:00,104396.4,104689.2,103851.7,104566.9,757.66483
2025-11-11 15:00:00,104566.9,104566.9,103190.7,103462.9,908.181919
2025-11-11 16:00:00,103462.9,103740.7,103189.7,103407.7,496.582568
2025-11-11 17:00:00,103407.7,103639.5,102844.4,103344.0,557.393949
2025-11-11 18:00:00,103344.0,103580.6,103066.7,103401.6,474.384269
2025-11-11 19:00:00,103401.6,103468.0,102876.5,103134.7,416.3468
2025-11-11 20:00:00,103134.7,103246.1,102668.7,102818.4,478.709346
2025-11-11 21:00:00,102818.4,103107.0,102482.3,102645.4,417.585106
2025-11-11 22:00:00,102645.4,103159.2,102507.8,102998.3,195.916922
2025-11-11 23:00:00,102998.3,103219.6,102800.1,103058.0,247.068747
2025-11-12 00:00:00,103058.0,103320.0,102808.0,102880.9,395.747717
2025-11-12 01:00:00,102880.9,103376.7,102677.1,103245.7,398.944966
2025-11-12 02:00:00,103245.7,103408.9,102937.1,103152.6,367.555466
2025-11-12 03:00:00,103152.6,103449.9,103096.7,103321.7,192.617754
2025-11-12 04:00:00,103321.7,103467.2,103017.5,103245.4,169.234348
2025-11-12 05:00:00,103245.4,103472.8,103237.4,103402.4,168.259426
2025-11-12 06:00:00,103402.4,103659.6,103350.1,103364.7,211.10902
2025-11-12 07:00:00,103364.7,103551.7,103068.5,103124.8,213.094507
2025-11-12 08:00:00,103124.8,104231.0,103124.8,104147.8,494.214535
2025-11-12 09:00:00,104147.8,105088.8,104142.0,104519.9,742.927672
2025-11-12 10:00:00,104519.9,105048.2,104506.0,104904.0,449.196401
2025-11-12 11:00:00,104904.0,105215.6,104745.8,105032.9,321.933692
2025-11-12 12:00:00,105032.9,105337.5,104824.6,104999.8,424.91282
2025-11-12 13:00:00,104999.8,105203.3,104601.8,105050.2,437.15546
2025-11-12 14:00:00,105050.2,105050.2,103597.9,103998.1,889.332115
2025-11-12 15:00:00,103998.1,104312.9,101956.8,102159.6,1298.063747
2025-11-12 16:00:00,102159.6,102279.8,101321.8,101439.8,1157.41392
2025-11-12 17:00:00,101439.8,102151.8,101403.0,101743.7,514.076712
2025-11-12 18:00:00,101743.7,101950.0,101411.1,101531.9,299.711082
2025-11-12 19:00:00,101531.9,101566.7,100802.9,101286.3,494.361132
2025-11-12 20:00:00,101286.3,101845.7,101129.4,101537.5,318.303835
2025-11-12 21:00:00,101537.5,101925.8,101512.8,101925.7,222.187295
2025-11-12 22:00:00,101925.7,101999.9,101450.0,101977.3,162.979727
2025-11-12 23:00:00,101977.3,102009.7,101463.0,101647.4,299.402902
2025-11-13 00:00:00,101647.4,102044.7,101461.3,101866.6,283.759382
2025-11-13 01:00:00,101866.6,102611.9,101832.7,102001.0,533.925482
2025-11-13 02:00:00,102001.0,102343.3,101968.6,102062.1,379.614876
2025-11-13 03:00:00,102062.1,102564.4,100914.6,102128.6,614.932568
2025-11-13 04:00:00,102128.6,102413.6,101654.9,102116.3,497.937077
2025-11-13 05:00:00,102116.3,103411.1,101772.8,103137.1,503.641891
2025-11-13 06:00:00,103137.1,103675.1,102915.0,103591.8,640.005255
2025-11-13 07:00:00,103591.8,104066.4,103330.0,103480.0,549.850224
2025-11-13 08:00:00,103480.0,103812.5,103286.8,103675.9,352.979656
2025-11-13 09:00:00,103675.9,103751.9,102542.9,102835.7,587.240506
2025-11-13 10:00:00,102835.7,103284.4,102775.8,102991.0,238.816033
2025-11-13 11:00:00,102991.0,103160.2,102703.1,102939.0,223.562387
2025-11-13 12:00:00,102939.0,103285.0,102728.3,103145.0,321.986698
2025-11-13 13:00:00,103145.0,103165.8,102153.1,102322.5,560.801298
2025-11-13 14:00:00,102322.5,103484.0,101745.2,102873.6,987.577219
2025-11-13 15:00:00,102873.6,102999.9,101172.4,101375.8,982.374553
2025-11-13 16:00:00,101375.8,101532.8,100555.0,100620.7,791.984601
2025-11-13 17:00:00,100620.7,100806.6,99613.9,99648.4,1015.245702
2025-11-13 18:00:00,99648.4,99917.5,98131.5,98584.1,1473.2604
2025-11-13 19:00:00,98584.1,99284.9,98300.1,98671.9,1213.454031
2025-11-13 20:00:00,98671.9,99000.0,98000.0,98136.2,942.065468
2025-11-13 21:00:00,98136.2,98904.5,98010.1,98807.6,429.05595
2025-11-13 22:00:00,98807.6,99941.2,98691.8,99849.9,446.51276
2025-11-13 23:00:00,99849.9,100507.0,99550.1,99688.4,446.93936
2025-11-14 00:00:00,99688.4,99787.1,98717.6,98980.1,733.245161
2025-11-14 01:00:00,98980.1,99560.7,98694.9,99251.5,659.14398
2025-11-14 02:00:00,99251.5,99871.8,99242.6,99616.9,428.383501
2025-11-14 03:00:00,99616.9,99650.0,98792.5,99142.1,521.748536
2025-11-14 04:00:00,99142.1,99183.9,96710.4,97823.6,1135.774353
2025-11-14 05:00:00,97823.6,98037.2,97028.9,97530.9,732.193337
2025-11-14 06:00:00,97530.9,97606.8,95931.0,97554.5,1562.989454
2025-11-14 07:00:00,97554.5,97739.9,96776.7,97150.8,932.344456
2025-11-14 08:00:00,97150.8,97461.4,96777.6,97367.9,577.769767
2025-11-14 09:00:00,97367.9,97549.9,96668.8,96837.9,585.874114
2025-11-14 10:00:00,96837.9,97303.4,96666.2,96753.9,440.145591
2025-11-14 11:00:00,96753.9,96947.5,95683.6,96166.0,797.210847
2025-11-14 12:00:00,96166.0,96166.0,94548.9,95367.6,1494.039031
2025-11-14 13:00:00,95367.6,95718.6,94572.5,95246.3,1070.075784
2025-11-14 14:00:00,95246.3,96805.6,94960.8,96538.8,1121.938384
2025-11-14 15:00:00,96538.8,97316.0,95864.7,96799.4,802.20853
2025-11-14 16:00:00,96799.4,97411.5,96265.8,97014.0,736.446239
2025-11-14 17:00:00,97014.0,97152.0,95600.1,95840.2,683.78624
2025-11-14 18:00:00,95840.2,96328.2,94958.1,95071.3,747.681819
2025-11-14 19:00:00,95071.3,95926.1,94782.9,95778.5,605.107509
2025-11-14 20:00:00,95778.5,95989.1,94200.0,94373.9,848.563684
2025-11-14 21:00:00,94373.9,95156.0,94235.7,95057.8,532.903267
2025-11-14 22:00:00,95057.8,95493.0,94699.9,95186.9,360.364933
2025-11-14 23:00:00,95186.9,95186.9,94010.0,94583.9,613.309985
2025-11-15 00:00:00,94583.9,95415.0,94556.3,95151.2,603.586065
2025-11-15 01:00:00,95151.2,95795.3,94743.7,95653.2,451.190188
2025-11-15 02:00:00,95653.2,96490.0,95407.5,96489.2,528.547012
2025-11-15 03:00:00,96489.2,96825.2,96132.9,96419.9,584.632222
2025-11-15 04:00:00,96419.9,96522.4,95930.1,96115.3,334.737268
2025-11-15 05:00:00,96115.3,96428.4,95980.9,96342.9,270.578406
2025-11-15 06:00:00,96342.9,96585.2,95975.1,96134.2,272.101036
2025-11-15 07:00:00,96134.2,96380.9,95968.3,96337.6,336.506512
2025-11-15 08:00:00,96337.6,96359.8,95652.4,95916.2,558.151797
2025-11-15 09:00:00,95916.2,96160.4,95670.5,95814.2,287.344434
2025-11-15 10:00:00,95814.2,96077.2,95691.7,95953.0,248.804502
2025-11-15 11:00:00,95953.0,95989.6,95633.2,95697.7,190.576599
2025-11-15 12:00:00,95697.7,95879.0,95577.4,95811.8,223.392519
2025-11-15 13:00:00,95811.8,96376.0,95723.1,96374.1,307.116866
2025-11-15 14:00:00,96374.1,96476.8,96009.9,96249.3,320.56702
2025-11-15 15:00:00,96249.3,96434.0,96111.1,96261.2,252.913872
2025-11-15 16:00:00,96261.2,96332.4,95722.0,96156.7,354.947292
2025-11-15 17:00:00,96156.7,96405.2,95848.2,96234.1,447.845312
2025-11-15 18:00:00,96234.1,96354.0,95966.8,96052.5,230.380944
2025-11-15 19:00:00,96052.5,96156.2,95930.0,96016.0,137.568677
2025-11-15 20:00:00,96016.0,96027.5,95121.4,95284.6,321.90868
2025-11-15 21:00:00,95284.6,95677.2,95123.1,95278.7,335.583437
2025-11-15 22:00:00,95278.7,95658.4,95224.3,95623.1,235.487891
2025-11-15 23:00:00,95623.1,95688.8,95489.8,95604.6,126.263067
2025-11-16 00:00:00,95604.6,95711.3,95195.7,95365.9,248.957237
2025-11-16 01:00:00,95365.9,95499.9,94842.2,95273.4,531.228843
2025-11-16 02:00:00,95273.4,95967.7,95099.4,95967.7,410.1705
2025-11-16 03:00:00,95967.7,95980.4,95631.7,95827.4,249.047272
2025-11-16 04:00:00,95827.4,95933.4,95652.2,95823.7,197.718571
2025-11-16 05:00:00,95823.7,96193.4,95812.8,95882.7,272.339518
2025-11-16 06:00:00,95882.7,96046.1,95755.5,95802.2,159.075652
2025-11-16 07:00:00,95802.2,96099.4,95724.5,96099.1,205.35962
2025-11-16 08:00:00,96099.1,96229.9,95859.2,96119.4,233.076799
2025-11-16 09:00:00,96119.4,96629.9,95926.4,96626.6,261.512648
2025-11-16 10:00:00,96626.6,96626.6,96368.8,96443.3,331.695946
2025-11-16 11:00:00,96443.3,96452.8,95499.2,95632.1,459.183393
2025-11-16 12:00:00,95632.1,95903.8,95451.1,95757.0,355.542133
2025-11-16 13:00:00,95757.0,95856.1,95119.0,95413.7,462.947523
2025-11-16 14:00:00,95413.7,95668.9,95308.3,95533.3,285.394626
2025-11-16 15:00:00,95533.3,95562.1,94369.9,94586.0,449.366736
2025-11-16 16:00:00,94586.0,94947.8,94015.8,94221.1,929.725732
2025-11-16 17:00:00,94221.1,94530.0,93740.3,94357.6,898.128486
2025-11-16 18:00:00,94357.6,95569.9,93785.7,94045.3,882.912909
2025-11-16 19:00:00,94045.3,94607.8,93934.8,94027.3,428.278645
2025-11-16 20:00:00,94027.3,94739.9,93960.0,94094.4,322.145645
2025-11-16 21:00:00,94094.4,94209.2,93359.1,93501.1,599.312873
2025-11-16 22:00:00,93501.1,94497.1,93010.0,94181.3,755.366116
2025-11-16 23:00:00,94181.3,94547.9,92955.6,94260.3,1038.730124
2025-11-17 00:00:00,94260.3,95387.8,93763.3,95297.3,1069.971638
2025-11-17 01:00:00,95297.3,95504.9,94729.5,94778.6,538.804703
2025-11-17 02:00:00,94778.6,95414.9,94715.5,94983.9,441.12192
2025-11-17 03:00:00,94983.9,95568.6,94975.7,95506.1,473.161539
2025-11-17 04:00:00,95506.1,95580.8,94889.9,95105.4,578.731818
2025-11-17 05:00:00,95105.4,95274.4,94907.7,95132.7,327.984645
2025-11-17 06:00:00,95132.7,95339.9,94900.2,95283.2,295.848739
2025-11-17 07:00:00,95283.2,95886.4,95209.2,95647.3,504.198969
2025-11-17 08:00:00,95647.3,96019.6,95523.7,95617.0,359.29352
2025-11-17 09:00:00,95617.0,95872.7,95310.0,95652.0,333.446715
2025-11-17 10:00:00,95652.0,95886.0,95550.0,95655.2,223.831649
2025-11-17 11:00:00,95655.2,95938.2,95395.5,95568.4,360.822132
2025-11-17 12:00:00,95568.4,95579.5,95267.1,95319.1,326.842883
2025-11-17 13:00:00,95319.1,95383.4,93583.5,93965.9,850.806792
2025-11-17 14:00:00,93965.9,96071.3,93761.0,94768.6,1211.15282
2025-11-17 15:00:00,94768.6,95019.9,93803.8,93959.8,967.861953
2025-11-17 16:00:00,93959.8,94418.3,93042.6,94305.3,1026.692833
2025-11-17 17:00:00,94305.3,94394.7,92665.0,92758.6,711.573396
2025-11-17 18:00:00,92758.6,93228.0,92421.0,92536.4,947.25514
2025-11-17 19:00:00,92536.4,92653.3,91598.4,91691.4,1156.927293
2025-11-17 20:00:00,91691.4,92244.0,91300.1,91915.5,1155.330415
2025-11-17 21:00:00,91915.5,92263.9,91528.7,91957.5,728.045245
2025-11-17 22:00:00,91957.5,92400.0,91822.8,92252.2,403.320188
2025-11-17 23:00:00,92252.2,92291.1,91784.8,92211.0,372.503104
2025-11-18 00:00:00,92211.0,92357.9,91194.6,92162.5,716.615952
2025-11-18 01:00:00,92162.5,92217.3,91597.8,91700.0,828.269997
2025-11-18 02:00:00,91700.0,91737.3,90686.7,90856.9,1640.735545
2025-11-18 03:00:00,90856.9,90919.2,89705.8,90834.9,1793.492522
2025-11-18 04:00:00,90834.9,90860.8,89300.0,90083.3,1263.74412
2025-11-18 05:00:00,90083.3,90469.5,89720.0,90214.3,800.043714
2025-11-18 06:00:00,90214.3,90229.0,89375.1,89647.5,650.315515
2025-11-18 07:00:00,89647.5,90543.6,89337.6,90492.9,889.9605
2025-11-18 08:00:00,90492.9,91441.0,90492.9,91224.3,837.347616
2025-11-18 09:00:00,91224.3,91485.3,90887.6,91400.0,627.702125
2025-11-18 10:00:00,91400.0,91609.0,91256.7,91584.8,445.414425
2025-11-18 11:00:00,91584.8,91607.4,91244.3,91518.7,357.945562
2025-11-18 12:00:00,91518.7,91877.6,91100.0,91519.5,528.939001
2025-11-18 13:00:00,91519.5,91658.0,90922.0,91475.7,464.760622
2025-11-18 14:00:00,91475.7,92452.4,91214.3,91350.2,1093.717594
2025-11-18 15:00:00,91350.2,93037.1,91007.2,92904.0,1211.561875
2025-11-18 16:00:00,92904.0,93837.5,92582.2,93494.4,1055.160392
2025-11-18 17:00:00,93494.4,93658.9,92830.4,93257.5,532.273765
2025-11-18 18:00:00,93257.5,93767.2,93143.3,93331.7,447.007482
2025-11-18 19:00:00,93331.7,93618.6,92985.0,93178.5,387.132293
2025-11-18 20:00:00,93178.5,93302.4,92658.4,92787.1,394.71591
2025-11-18 21:00:00,92787.1,93028.1,92454.1,92489.4,316.580769
2025-11-18 22:00:00,92489.4,93428.0,92482.8,93158.7,280.113174
2025-11-18 23:00:00,93158.7,93183.7,92730.4,92964.2,247.98548
2025-11-19 00:00:00,92964.2,92991.7,91945.6,92416.1,562.449951
2025-11-19 01:00:00,92416.1,92652.1,91944.5,92435.2,588.996052
2025-11-19 02:00:00,92435.2,92864.3,92272.9,92569.2,403.934114
2025-11-19 03:00:00,92569.2,92647.0,91665.6,91874.9,472.459068
2025-11-19 04:00:00,91874.9,91972.7,91155.3,91163.2,479.497536
2025-11-19 05:00:00,91163.2,91270.4,90021.6,90451.5,699.517938
2025-11-19 06:00:00,90451.5,91097.5,90271.8,90977.8,602.223814
2025-11-19 07:00:00,90977.8,92015.4,90945.7,91855.6,668.704412
2025-11-19 08:00:00,91855.6,91954.3,91304.5,91472.2,391.507219
2025-11-19 09:00:00,91472.2,91517.3,91078.6,91517.3,319.039538
2025-11-19 10:00:00,91517.3,91694.2,91233.4,91305.1,217.650052
2025-11-19 11:00:00,91305.1,91788.5,91302.0,91411.4,173.597596
2025-11-19 12:00:00,91411.4,91866.0,91213.3,91779.7,270.620939
2025-11-19 13:00:00,91779.7,91901.1,91228.7,91398.7,413.505676
2025-11-19 14:00:00,91398.7,91856.0,91042.0,91711.2,606.041947
2025-11-19 15:00:00,91711.2,92389.8,89859.06,89943.7,979.330265
2025-11-19 16:00:00,89943.7,90228.8,89453.4,89892.4,742.30708
2025-11-19 17:00:00,89892.4,90123.9,88883.8,89495.1,829.21017
2025-11-19 18:00:00,89495.1,89718.2,88784.2,89200.8,1023.540646
